Datetime,Water Level (m)
2025-09-09 06:00:00,1.7328513
2025-09-09 07:00:00,1.9077876
2025-09-09 08:00:00,1.7870119
2025-09-09 09:00:00,1.2285467
2025-09-09 10:00:00,0.5231486
2025-09-09 11:00:00,-0.1209255
2025-09-09 12:00:00,-0.6497178
2025-09-09 13:00:00,-1.0534731
2025-09-09 14:00:00,-1.2838258
2025-09-09 15:00:00,-0.9838589
2025-09-09 16:00:00,0.056791805
2025-09-09 17:00:00,1.0121856
2025-09-09 18:00:00,1.6281879
2025-09-09 19:00:00,1.9865125
2025-09-09 20:00:00,1.9619818
2025-09-09 21:00:00,1.5077293
2025-09-09 22:00:00,0.77337015
2025-09-09 23:00:00,0.07693172
2025-09-10 00:00:00,-0.50096476
2025-09-10 01:00:00,-0.9164534
2025-09-10 02:00:00,-1.1817877
2025-09-10 03:00:00,-1.0371326
2025-09-10 04:00:00,-0.10543093
2025-09-10 05:00:00,0.85045654
2025-09-10 06:00:00,1.5185587
2025-09-10 07:00:00,1.9431671
2025-09-10 08:00:00,2.0283468
2025-09-10 09:00:00,1.68445
2025-09-10 10:00:00,0.974916
2025-09-10 11:00:00,0.26855114
2025-09-10 12:00:00,-0.3347076
2025-09-10 13:00:00,-0.8186194
2025-09-10 14:00:00,-1.1672875
2025-09-10 15:00:00,-1.2188766
2025-09-10 16:00:00,-0.47631398
2025-09-10 17:00:00,0.5402347
2025-09-10 18:00:00,1.3635131
2025-09-10 19:00:00,1.85481
2025-09-10 20:00:00,2.0605197
2025-09-10 21:00:00,1.9089657
2025-09-10 22:00:00,1.3036406
2025-09-10 23:00:00,0.58726645
2025-09-11 00:00:00,-0.04928223
2025-09-11 01:00:00,-0.5645627
2025-09-11 02:00:00,-0.95816517
2025-09-11 03:00:00,-1.1229868
2025-09-11 04:00:00,-0.6908061
2025-09-11 05:00:00,0.29991254
2025-09-11 06:00:00,1.1460813
2025-09-11 07:00:00,1.6948196
2025-09-11 08:00:00,1.960153
2025-09-11 09:00:00,1.8913851
2025-09-11 10:00:00,1.3576941
2025-09-11 11:00:00,0.64209914
2025-09-11 12:00:00,0.010953827
2025-09-11 13:00:00,-0.5173577
2025-09-11 14:00:00,-0.9377807
2025-09-11 15:00:00,-1.1642233
2025-09-11 16:00:00,-0.91040117
2025-09-11 17:00:00,0.023409681
2025-09-11 18:00:00,0.9114134
2025-09-11 19:00:00,1.5188179
2025-09-11 20:00:00,1.9082209
2025-09-11 21:00:00,1.9891564
2025-09-11 22:00:00,1.7020551
2025-09-11 23:00:00,1.072944
2025-09-12 00:00:00,0.43057021
2025-09-12 01:00:00,-0.13382778
2025-09-12 02:00:00,-0.60577285
2025-09-12 03:00:00,-0.9330511
2025-09-12 04:00:00,-0.943647
2025-09-12 05:00:00,-0.27137703
2025-09-12 06:00:00,0.6291649
2025-09-12 07:00:00,1.3388394
2025-09-12 08:00:00,1.7188816
2025-09-12 09:00:00,1.8046609
2025-09-12 10:00:00,1.5374635
2025-09-12 11:00:00,0.9295842
2025-09-12 12:00:00,0.2856778
2025-09-12 13:00:00,-0.2517154
2025-09-12 14:00:00,-0.67720777
2025-09-12 15:00:00,-1.0082115
2025-09-12 16:00:00,-1.0770289
2025-09-12 17:00:00,-0.5774389
2025-09-12 18:00:00,0.313609
2025-09-12 19:00:00,1.0778705
2025-09-12 20:00:00,1.5774766
2025-09-12 21:00:00,1.8391995
2025-09-12 22:00:00,1.7949454
2025-09-12 23:00:00,1.3821938
2025-09-13 00:00:00,0.77587306
2025-09-13 01:00:00,0.20270151
2025-09-13 02:00:00,-0.228202
2025-09-13 03:00:00,-0.5853116
2025-09-13 04:00:00,-0.80270696
2025-09-13 05:00:00,-0.64940804
2025-09-13 06:00:00,0.0523228
2025-09-13 07:00:00,0.8161351
2025-09-13 08:00:00,1.3767726
2025-09-13 09:00:00,1.6071098
2025-09-13 10:00:00,1.5754161
2025-09-13 11:00:00,1.1936153
2025-09-13 12:00:00,0.60794777
2025-09-13 13:00:00,0.06472305
2025-09-13 14:00:00,-0.37171248
2025-09-13 15:00:00,-0.707684
2025-09-13 16:00:00,-0.9031324
2025-09-13 17:00:00,-0.7812384
2025-09-13 18:00:00,-0.15478818
2025-09-13 19:00:00,0.5821284
2025-09-13 20:00:00,1.1798291
2025-09-13 21:00:00,1.5366676
2025-09-13 22:00:00,1.6624496
2025-09-13 23:00:00,1.5304071
2025-09-14 00:00:00,1.1263759
2025-09-14 01:00:00,0.59145665
2025-09-14 02:00:00,0.12813419
2025-09-14 03:00:00,-0.21322368
2025-09-14 04:00:00,-0.48503923
2025-09-14 05:00:00,-0.61183274
2025-09-14 06:00:00,-0.3772268
2025-09-14 07:00:00,0.22419855
2025-09-14 08:00:00,0.81805485
2025-09-14 09:00:00,1.2218105
2025-09-14 10:00:00,1.364281
2025-09-14 11:00:00,1.2546455
2025-09-14 12:00:00,0.87691814
2025-09-14 13:00:00,0.39093098
2025-09-14 14:00:00,-0.034888554
2025-09-14 15:00:00,-0.35029557
2025-09-14 16:00:00,-0.5885003
2025-09-14 17:00:00,-0.6682796
2025-09-14 18:00:00,-0.44966882
2025-09-14 19:00:00,0.08614297
2025-09-14 20:00:00,0.6746442
2025-09-14 21:00:00,1.1316999
2025-09-14 22:00:00,1.3741189
2025-09-14 23:00:00,1.4572026
2025-09-15 00:00:00,1.325177
2025-09-15 01:00:00,1.0188292
2025-09-15 02:00:00,0.6074358
2025-09-15 03:00:00,0.22227287
2025-09-15 04:00:00,-0.049712732
2025-09-15 05:00:00,-0.29821542
2025-09-15 06:00:00,-0.42527613
